path,full_url,kind
/,https://www.drserracruz.com.br/,static
/sobre,https://www.drserracruz.com.br/sobre,static
/artigos,https://www.drserracruz.com.br/artigos,static
/capitulos-de-livros,https://www.drserracruz.com.br/capitulos-de-livros,static
/palestras-e-congressos,https://www.drserracruz.com.br/palestras-e-congressos,static
/materiais-para-pacientes,https://www.drserracruz.com.br/materiais-para-pacientes,static
/premiacoes,https://www.drserracruz.com.br/premiacoes,static
/links,https://www.drserracruz.com.br/links,static
/lesoes-ligamentares,https://www.drserracruz.com.br/lesoes-ligamentares,static
/meniscos,https://www.drserracruz.com.br/meniscos,static
/artrose,https://www.drserracruz.com.br/artrose,static
/cartilagem,https://www.drserracruz.com.br/cartilagem,static
/trauma-do-esporte,https://www.drserracruz.com.br/trauma-do-esporte,static
/condromalacia-patelar,https://www.drserracruz.com.br/condromalacia-patelar,static
/blog,https://www.drserracruz.com.br/blog,static
/blog/ortopedista-brasileiro-na-europa-telemedicina,https://www.drserracruz.com.br/blog/ortopedista-brasileiro-na-europa-telemedicina,blog_post
/blog/dr-raphael-serra-cruz-contribuicoes-e-legado,https://www.drserracruz.com.br/blog/dr-raphael-serra-cruz-contribuicoes-e-legado,blog_post
/blog/experiencia-no-esporte-medico-atp-rio-open-de-tenis,https://www.drserracruz.com.br/blog/experiencia-no-esporte-medico-atp-rio-open-de-tenis,blog_post
/blog/experiencia-no-esporte-clube-de-regatas-do-flamengo,https://www.drserracruz.com.br/blog/experiencia-no-esporte-clube-de-regatas-do-flamengo,blog_post
/blog/premiacoes-nacionais-e-internacionais-dr-raphael-serra-cruz,https://www.drserracruz.com.br/blog/premiacoes-nacionais-e-internacionais-dr-raphael-serra-cruz,blog_post
/blog/international-fellowship-usa-divisor-de-aguas-na-carreira-medica,https://www.drserracruz.com.br/blog/international-fellowship-usa-divisor-de-aguas-na-carreira-medica,blog_post
/blog/o-inicio-da-carreira-do-dr-raphael-serra-cruz,https://www.drserracruz.com.br/blog/o-inicio-da-carreira-do-dr-raphael-serra-cruz,blog_post
/blog/conheca-o-dr-raphael-serra-cruz-medico-ortopedista-especialista-em-joelho,https://www.drserracruz.com.br/blog/conheca-o-dr-raphael-serra-cruz-medico-ortopedista-especialista-em-joelho,blog_post
/blog/dr-raphael-serra-cruz-jornada-lyonesa-cirurgia-do-joelho-sao-paulo,https://www.drserracruz.com.br/blog/dr-raphael-serra-cruz-jornada-lyonesa-cirurgia-do-joelho-sao-paulo,blog_post
/blog/lesao-do-menisco-precisa-operar,https://www.drserracruz.com.br/blog/lesao-do-menisco-precisa-operar,blog_post
/blog/o-que-e-lesao-de-menisco,https://www.drserracruz.com.br/blog/o-que-e-lesao-de-menisco,blog_post
/blog/tratamentos-para-artrose-no-joelho,https://www.drserracruz.com.br/blog/tratamentos-para-artrose-no-joelho,blog_post
/blog/quando-procurar-um-ortopedista,https://www.drserracruz.com.br/blog/quando-procurar-um-ortopedista,blog_post
